{
    "name": "All Requests",
    "numberOfRequests": {
        "total": 50000,
        "ok": 3077,
        "ko": 46923
    },
    "minResponseTime": {
        "total": 0,
        "ok": 1616,
        "ko": 0
    },
    "maxResponseTime": {
        "total": 327976,
        "ok": 87071,
        "ko": 327976
    },
    "meanResponseTime": {
        "total": 28559,
        "ok": 16717,
        "ko": 29336
    },
    "standardDeviation": {
        "total": 56689,
        "ok": 21888,
        "ko": 58165
    },
    "percentiles1": {
        "total": 4073,
        "ok": 5938,
        "ko": 1
    },
    "percentiles2": {
        "total": 33548,
        "ok": 18240,
        "ko": 36137
    },
    "percentiles3": {
        "total": 104033,
        "ok": 73251,
        "ko": 104067
    },
    "percentiles4": {
        "total": 281935,
        "ok": 86829,
        "ko": 281936
    },
    "group1": {
    "name": "t < 800 ms",
    "count": 0,
    "percentage": 0
},
    "group2": {
    "name": "t ≥ 800 ms <br> t < 1200 ms",
    "count": 0,
    "percentage": 0
},
    "group3": {
    "name": "t ≥ 1200 ms",
    "count": 3077,
    "percentage": 6
},
    "group4": {
    "name": "failed",
    "count": 46923,
    "percentage": 94
},
    "meanNumberOfRequestsPerSecond": {
        "total": 115.74074074074075,
        "ok": 7.122685185185185,
        "ko": 108.61805555555556
    }
}